{
     "name": "Hello World",
     "description": "Atlassian Connect app",
     "key": "com.example.myapp",
     "baseUrl": "https://rawgit.com",
     "vendor": {
         "name": "Example, Inc.",
         "url": "http://example.com"
     },
     "authentication": {
         "type": "none"
     },
     "apiVersion": 1,
     "modules": {
         "generalPages": [
             {
                 "url": "/rcgcoder/jiraformalreports/master/src/cloudPlugin/atlassian-connect.json",
                 "key": "hello-world",
                 "location": "system.top.navigation.bar",
                 "name": {
                     "value": "Greeting"
                 }
             }
         ]
     }
 }