{
     "name": "Formal Reports",
     "description": "Jira Formal Reports Plugin",
     "key": "com.rcgcoder.jiraformalreports",
     "baseUrl": "https://cdn.rawgit.com",
     "vendor": {
         "name": "RCG Coder",
         "url": "https://www.github.com/rcgcoder"
     },
     "authentication": {
         "type": "none"
     },
     "apiVersion": 1,
     "modules": {
         "generalPages": [
             {
                 "url": "/rcgcoder/jiraformalreports/e850a679/common/jfrWebDeploy.html",
                 "key": "JiraFormalReportPlugin",
                 "location": "system.top.navigation.bar",
                 "name": {
                     "value": "Formal Reports"
                 }
             }
         ]
     }
 }